{"time":[1561939200000,1562025600000,1562112000000,1562198400000,1562284800000,1562371200000,1562457600000,1562544000000,1562630400000,1562716800000,1562803200000,1562889600000,1562976000000,1563062400000,1563148800000,1563235200000,1563321600000,1563408000000,1563494400000,1563580800000,1563667200000,1563753600000,1563840000000,1563926400000,1564012800000,1564099200000,1564185600000,1564272000000,1564358400000,1564444800000,1564531200000,1564617600000,1564704000000,1564790400000,1564876800000,1564963200000,1565049600000,1565136000000,1565222400000,1565308800000,1565395200000,1565481600000,1565568000000,1565654400000,1565740800000,1565827200000,1565913600000,1566000000000,1566086400000,1566172800000,1566259200000,1566345600000,1566432000000,1566518400000,1566604800000,1566691200000,1566777600000,1566864000000,1566950400000,1567036800000,1567123200000],"profit":[0,0.0387571124,0.1245227041,0.1385346541,0.1057469034,0.1159979667,0.1040686093,0.1036128774,0.1032456708,0.1183561026,0.0719230317,0.1085349493,0.1043559792,0.118760865,0.1313882498,0.1546565514,0.1595533025,0.2039497356,0.2303491903,0.2393161751,0.2664030766,0.1944563885,1.1396164593,0.7674815015,1.1141222937,0.7362904946,0.8694792765,0.4032710679,0.6275298279,0.3930307849,0.5105668344,0.7212600586,0.3229885069,0.6533315382,0.5428637804,0.5131421505,0.4224444321,0.3985590376,0.4598766295,0.3122746671,0.3369891126,0.2799677555,0.3106784988,0.4899583484,0.3480127372,0.2796680151,0.3262887023,0.3968988719,0.4415559701,0.4191235193,0.4374391159,0.3855150947,0.3163188794,0.3857498689,0.3468054771,0.3463617806,0.2829698761,0.2914657199,0.3440004842,0.3729304676,0.2798192752],"valueSatMin":[103.03216581363338,109.01703933433096,107.78265595663284,101.97229829365915,99.42136764033326,101.96740363596115,100,108.01352924562744,102.98635082496753,101.0152123723078,101.99233854721054,109.96692926088241,117.96837501098558,112.85845235696037,113.96512765642927,107.9763927389788,104.96124031007751,110.01764359929426,110.00316555872111,110.97599161126362,111.97029717443101,112.96571200984829,108.9872074515121,107.98027798228588,106.94516316193881,109.96643129991897,107.980127309424,108.83273736219714,109.4290275738686,107.01422330833672,105.9788680690778,101.9625535754568,98.96407317610756,105,94.9699779155995,94.02726217266041,88.00449162390485,86.01640344336745,82.01606633842965,82.70603818692857,81.5806246016571,79.97704008418637,83.00503648609782,89.96773616530743,87.97240712905304,91.86727027950809,88.02200177385573,89.97029896154763,89.81250819457192,90.98669857646313,88.00601702480618,84.01506477023466,87.01472556894244,87.90057124300708,88.00023723737081,90.79916296784377,87.9737188688459,85.96758956471186,88.96308662585791,82.01401104835973,81.96594785669079],"valueSatMax":[115.0198286142156,128.9539748953975,125.03270086022498,109.18568610876302,107.033426183844,109.30422305376585,111.03013969860302,156.0276863224893,138.02720126103915,111.0293292081987,195.54068325847257,131.01156655844156,137.0111544147292,123.00506033476061,169.43492296638337,144.30251543484204,112.02911737943585,121.0236220472441,120.99841521394612,118.0176518406689,117.03292077123854,151.32534950142806,117.9851762214491,113.02528997908348,113.03882364054283,115.00559994587971,166.54837062771614,140.48509547879289,125.02198276551185,117.47738340149478,112.94063135743538,110.75441788367743,115.91930618573069,193.2929449886974,110.98365357040436,108.97318342761218,105.98639455782313,102.02938288041867,91.02765430784382,116.53027739453401,87.03147947129813,121.34224363589186,151.4735250475412,154.31017746671122,101.01277553452042,98.01967511852051,99.03143486834473,114.02995003506945,110.00088949506332,120.01980622417986,98.01437640705646,93.01748728761007,137.23571432258578,94.00696292651652,94.9719013656381,174.29102172576424,172.1237258810135,169.2722738378529,172.7984147043293,161.20532666869747,88.03597441256571],"valueSatAvg":[108.16690541023578,114.05894445925993,116.43725359029395,105.75606350341182,102.20839499036803,104.59779353037098,103.58625809270514,124.2592368251022,121.211005494655,105.74297622339235,128.47346073023823,118.40267510808306,124.78323042314835,116.4118115700871,118.41247805987652,113.53141672348981,109.24111969094122,115.9211521738043,115.74141935222069,114.08819194849909,115.32907802106058,115.41305782955048,112.643175076967,110.46562160104482,110.24736849764292,111.8978831322095,110.73763576792373,112.09688187922576,112.80676647610363,109.77146590005025,109.0183700923401,106.19610415710653,102.95485418955003,117.57277398961891,99.12297470096593,97.44976050339903,96.00599617159476,96.03566802752316,85.94896468158272,84.48179822817346,84.26989047347642,83.54436689961787,90.03122170098787,97.45164692555387,91.20548164481254,94.01854908043317,94.53112446169943,94.2923639343339,93.4002026909345,101.53843035994089,91.13435948756963,87.69526102530206,90.94938155359296,89.53054117800887,91.54791280011717,95.01965675589967,93.83330103871954,93.88403031922778,103.16627761982649,91.3922123464514,85.53379424619062],"valueCadMin":[0.01336,0.01362,0.01333,0.01485,0.0148,0.01448,0.01474,0.01561,0.01626,0.01597,0.01666,0.01636,0.0174,0.01633,0.01559,0.01447,0.01345,0.01368,0.01415,0.015,0.01532,0.01553,0.01469,0.01409,0.01364,0.01422,0.01391,0.01371,0.01334,0.0134,0.01328,0.01349,0.01323,0.01441,0.01344,0.01312,0.01348,0.01269,0.01254,0.01278,0.01275,0.01241,0.01241,0.01354,0.01284,0.01227,0.01177,0.01216,0.01229,0.01247,0.01224,0.01216,0.01179,0.01151,0.01187,0.01216,0.01173,0.01182,0.01194,0.01063,0.01032],"valueCadMax":[0.01682,0.01632,0.01634,0.01607,0.01575,0.01554,0.01622,0.0227,0.02049,0.01786,0.03242,0.02073,0.02039,0.01896,0.02344,0.0197,0.01596,0.01547,0.01619,0.0164,0.01693,0.02114,0.01638,0.01502,0.01457,0.0153,0.0214,0.01898,0.01564,0.01467,0.01416,0.01431,0.01526,0.02667,0.01548,0.01545,0.01564,0.01594,0.01372,0.01821,0.0137,0.01908,0.02255,0.02313,0.01526,0.0138,0.01534,0.01577,0.01484,0.01624,0.0137,0.0135,0.01861,0.01261,0.01308,0.02402,0.02304,0.02341,0.0233,0.02175,0.01139],"valueCadAvg":[0.01587193055555563,0.015308368055555494,0.015157465277777754,0.015437798611111206,0.015257729166666616,0.015050793319415385,0.0153522940340908,0.01847414583333343,0.018530236111111095,0.01714133333333339,0.021396298611111097,0.017985121612230755,0.018982624999999958,0.01749806249999997,0.016984062499999963,0.015549207783182686,0.0148710347222222,0.01455840277777778,0.015194305555555525,0.015603236111111064,0.01607823611111113,0.01597215972222218,0.01541826388888885,0.01463036111111112,0.014076395833333318,0.014737394023627585,0.014284708333333266,0.01440951388888888,0.014108243055555579,0.013803201388888868,0.013697861111111148,0.013782840277777812,0.013693854166666627,0.016277395833333343,0.013992104166666665,0.013779034722222316,0.01459663888888887,0.01467163194444441,0.013154222222222262,0.013200930555555502,0.013176381944444435,0.012799631944444527,0.013638666666666736,0.014737708333333351,0.013459854166666589,0.013049381514940858,0.012635180555555538,0.012868539638386602,0.012781555555555595,0.013929805555555558,0.012848402777777804,0.01256113888888888,0.012344299651568006,0.011974259902710201,0.012513597222222268,0.01299742361111102,0.012671861111111042,0.012999493055555571,0.014154961779013193,0.012279652777777778,0.01084330555555559],"expenseCovered":[100,100,100,100,100,100,100,100,100,100,100,100,100,100,100,100,100,100,100,100,100,69.019735,100,100,100,100,100,100,100,100,100,100,100,100,100,100,100,100,100,100,83.679366,74.195972,97.239043,100,95.159752,100,82.267913,96.839235,100,93.293202,99.431348,100,100,82.727237,88.181052,92.528071,86.953626,93.586154,95.802025,92.259727,62.578976]}